Platform,Category,UserRecordType,Title,Country,ReleaseType,Publisher,Developer,Genre,CreatedAt,Ownership,PriceLoose,PriceCIB,PriceNew,YourPrice,PricePaid,ItemCondition,BoxCondition,ManualCondition,Notes,Tags,metacritic
"Sony PlayStation 2","Games","Wishlist","Makai Kingdom: Chronicles of the Sacred Tome","United States of America","Official","Nippon Ichi Software Inc.","NIS","RPG, Strategy","Aug 3, 2025","CIB","8.86","16.73","28.09","16.73","?",?,?,?,"","","77",
"Sony PlayStation 2","Games","Wishlist","Monster Hunter 2","Japan","Official","Capcom","Capcom","Action, RPG","Feb 14, 2026","CIB","18.82","21.3","50.5","21.3","?",?,?,?,"","","Missing Field",
"Sony PlayStation 2","Games","Wishlist","Silent Hill 4: The Room","United States of America","Official","Konami","Konami Computer Entertainment Japan","Action, Adventure, Horror","Feb 18, 2026","CIB","120.47","197.79","399.5","197.79","-1.0",?,?,?,"","","76",
"Sony PlayStation 2","Games","Wishlist","Silent Hill 4: The Room","Japan","Official","Konami","Team Silent","Horror","Feb 18, 2026","CIB","50.85","54.78","103.18","54.78","-1.0",?,?,?,"","","76",
"Sony PlayStation 2","Games","Wishlist","Stretch Panic","United States of America","Official","Conspiracy Entertainment Corporation","Treasure C. Ltd.","Action, Platformer","Aug 3, 2025","CIB","25.49","46.38","65.5","46.38","?",?,?,?,"","","65",
"Sony PlayStation 5","Games","Wishlist","Disgaea 6 Complete [Deluxe Edition]","United States of America","Official","NIS America, Inc.","Nippon Ichi Software Inc.","RPG, Strategy","Aug 3, 2025","CIB","20.01","24.3","29.88","24.3","?",?,?,?,"","","68",
"Sony PlayStation 5","Games","Wishlist","Disgaea 7: Vows of the Virtueless [Deluxe Edition]","United States of America","Official","NIS America","Nippon Ichi Software Inc.","RPG, Strategy","Aug 3, 2025","CIB","35.47","35.5","54.36","35.5","?",?,?,?,"","","84",
"Nintendo Game Boy Advance","Games","Wishlist","Yu-Gi-Oh! 7 Trials to Glory: World Championship Tournament 2005","United States of America","Official","Konami","Konami","Action, Strategy","Aug 3, 2025","Loose","14.92","60.37","156.55","14.92","?",?,?,?,"","","66",
"Nintendo Game Boy Advance","Games","Wishlist","Yu-Gi-Oh! GX: Duel Academy","United States of America","Official","Konami","Konami","Action, RPG, Strategy","Aug 3, 2025","Loose","32.74","81.88","152.99","32.74","?",?,?,?,"","","67",
"Nintendo Game Boy Advance","Games","Wishlist","Yu-Gi-Oh! The Eternal Duelist Soul","United States of America","Official","Konami","Konami","RPG","Aug 3, 2025","Loose","10.36","45","310.49","10.36","?",?,?,?,"","","81",
"Nintendo Game Boy Advance","Games","Wishlist","Yu-Gi-Oh! World Championship Tournament 2004","United States of America","Official","Konami","Konami Computer Entertainment Japan","Strategy","Aug 3, 2025","Loose","10.64","31.49","300.49","10.64","?",?,?,?,"","","68",
"Nintendo Game Boy Advance","Games","Wishlist","Yu-Gi-Oh! Worldwide Edition: Stairway to the Destined Duel","United States of America","Official","Konami","Konami","Strategy","Aug 3, 2025","Loose","10.49","47.88","350.5","10.49","?",?,?,?,"","","72",
"Nintendo 64","Games","Wishlist","Chameleon Twist 2","United States of America","Official","SUNSOFT","Japan System Supply","Platformer","Aug 4, 2025","Loose","80.48","307.64","504.5","80.48","?",?,?,?,"","","Missing Field",
"Sony PlayStation","Games","Wishlist","Magic: The Gathering - Battlemage","United States of America","Official","Acclaim","Acclaim","Strategy","Mar 25, 2026","CIB","11.26","23.43","100.5","23.43","-1.0",?,?,?,"","","Missing Field",
"Sony PlayStation","Games","Wishlist","TV Animation X - Unmei No Tatakai","Japan","Official","Bandai Co., Ltd.","Taito Corporation","Fighting","Mar 21, 2026","CIB","8.4","12.65","32.1","12.65","-1.0",?,?,?,"","","Missing Field",
"Microsoft Xbox","Games","Wishlist","Magic: The Gathering - Battlegrounds","United States of America","Official","Atari SA","Sega Studios San Francisco","Action, Strategy","Mar 25, 2026","CIB","10.5","15.11","33.04","15.11","-1.0",?,?,?,"","","72",
"Microsoft Xbox","Games","Wishlist","Yu-Gi-Oh! Dawn of Destiny","United States of America","Official","Konami","Konami Computer Entertainment Japan","Strategy","Aug 3, 2025","CIB","11.5","17.5","500.49","17.5","?",?,?,?,"","","53",
"NES/Famicom","Systems","Wishlist","RetroN 5 [Black]","United States of America","Official","Missing Field","Missing Field","Missing Field","Aug 18, 2025","New","-1.0", "-1.0", "-1.0", "-1.0","?",?,?,?,"","","Missing Field",
"Nintendo DS","Games","Wishlist","Dragon Ball Z: Attack of the Saiyans","United States of America","Official","Bandai Namco of America","Monolith Software, Inc.","RPG","Aug 3, 2025","CIB","42.56","118.57","171","118.57","?",?,?,?,"","","73",
"Nintendo DS","Games","Wishlist","Dragon Ball: Origins","United States of America","Official","Atari SA","Game Republic","Action","Aug 3, 2025","CIB","27.39","54.86","108","54.86","-1.0",?,?,?,"","","78",
"Nintendo DS","Games","Wishlist","Dragon Ball: Origins 2","United States of America","Official","Bandai Namco Entertainment","Game Republic","Action","Aug 3, 2025","CIB","36.25","44.28","58.86","44.28","-1.0",?,?,?,"","","70",
"Nintendo DS","Games","Wishlist","Pokémon Ranger","United States of America","Official","Nintendo","HAL Laboratory","Action, RPG","Aug 3, 2025","CIB","30.92","47.48","422.44","47.48","?",?,?,?,"","","69",
"Nintendo DS","Games","Wishlist","Yu-Gi-Oh! GX: Spirit Caller","United States of America","Official","Konami","Konami","Strategy","Aug 3, 2025","CIB","27.2","46.69","198.75","46.69","?",?,?,?,"","","66",
"Nintendo DS","Games","Wishlist","Yu-Gi-Oh! Nightmare Troubadour","United States of America","Official","Konami","Konami","Strategy","Aug 3, 2025","CIB","28.62","60.5","132.26","60.5","?",?,?,?,"","","73",
"Nintendo DS","Games","Wishlist","Yu-Gi-Oh! World Championship 2007","United States of America","Official","Konami","Konami","Strategy","Aug 3, 2025","CIB","18.25","28.54","253.5","28.54","?",?,?,?,"","","76",
"Nintendo DS","Games","Wishlist","Yu-Gi-Oh! World Championship 2008","United States of America","Official","Konami","Konami","Strategy","Aug 3, 2025","CIB","33.61","40.49","380.5","40.49","?",?,?,?,"","","Missing Field",
"Nintendo 3DS","Games","Wishlist","Dragon Ball: Fusions","United States of America","Official","Bandai Namco Entertainment","Ganbarion","Missing Field","Aug 3, 2025","CIB","31.76","42.5","74.31","42.5","?",?,?,?,"","","72",
"PC","Games","Wishlist","Harvester","United States of America","Official","Merit Studios, Inc.","DigiFX Interactive","Point & Click","Mar 11, 2026","CIB","30.44","55.73","343.88","55.73","-1.0",?,?,?,"","","53",
"PC","Games","Wishlist","Magic: The Gathering - Tactics","World","Digital","Sony Online Entertainment","Missing Field","Missing Field","Mar 25, 2026","CIB","-1.0", "-1.0", "-1.0", "-1.0","-1.0",?,?,?,"","","62",
"PC","Games","Wishlist","Yu-Gi-Oh! Power of Chaos: Joey the Passion","United States of America","Official","Konami","Konami","Puzzle, Strategy","Aug 3, 2025","CIB","35","87.99","248.22","87.99","-1.0",?,?,?,"","","Missing Field",
"PC","Games","Wishlist","Yu-Gi-Oh! Power of Chaos: Kaiba the Revenge","United States of America","Official","Konami","Konami","Puzzle, Strategy","Aug 3, 2025","CIB","28.47","82.7","350.5","82.7","-1.0",?,?,?,"","","Missing Field",
"PC","Games","Wishlist","Yu-Gi-Oh! Power of Chaos: Yugi the Destiny","United States of America","Official","Konami","Konami","Puzzle, Strategy","Aug 3, 2025","CIB","20.47","25.49","61.79","25.49","-1.0",?,?,?,"","","52",
"Sony PSP","Games","Wishlist","Fate/Extra CCC","Japan","Official","Marvelous","Imageepoch","Action, Adventure, RPG, Puzzle, Strategy, Fighting","Oct 8, 2025","CIB","35.35","40.49","153.22","40.49","?",?,?,?,"","","Missing Field",
"Sony PSP","Games","Wishlist","Monster Hunter Freedom 2","United States of America","Official","Capcom","Capcom","Action, RPG","Feb 14, 2026","CIB","10.43","12.77","22.7","12.77","?",?,?,?,"","","72",
"Sony PSP","Games","Wishlist","Monster Hunter Freedom Unite","United States of America","Official","Capcom","Capcom","Action, RPG","Feb 14, 2026","CIB","22.8","30.5","50.54","30.5","?",?,?,?,"","","81",
"Sony PSP","Systems","Wishlist","Sony PSP-3000 [Black]","United States of America","Official","Sony","SCEI","Missing Field","Aug 18, 2025","New","124","155.25","175.5","175.5","?",?,?,?,"","","Missing Field",
"Sony PSP","Games","Wishlist","Yu-Gi-Oh! Duel Monsters GX: Tag Force 3","Japan","Official","Konami","Konami","RPG, Strategy, Board","Aug 3, 2025","CIB","4.59","9.49","18.5","9.49","-1.0",?,?,?,"","","Missing Field",
"Sony PSP","Games","Wishlist","Yu-Gi-Oh! GX: Tag Force 3","United Kingdom","Official","Konami","Konami","Strategy","Aug 3, 2025","CIB","54.92","60.83","153.82","60.83","-1.0",?,?,?,"","","Missing Field",
"Sega Dreamcast","Games","Wishlist","Magic: The Gathering","Japan","Official","Sega","Alfa System","Board","Mar 25, 2026","CIB","31.5","91.53","173.5","91.53","-1.0",?,?,?,"","","Missing Field",
